Date;Day;Month;Year;Site;Management;Transect;Cuadrante;Estacion del transecto (m);Depth.m;Species.type;Species;Presence;Abundance;DD;NE;LE;LT;Frondosity;Observaciones
24/10/2022;24;10;2022;Chañaral de Aceituno ALA;OA;1;1;10;13.7;Macroalgae;Lessonia trabeculata;1;1;27;9;89;121;3;
24/10/2022;24;10;2022;Chañaral de Aceituno ALA;OA;1;1;0;13.9;Macroalgae;Lessonia trabeculata;1;1;23;2;74;229;2;
21/4/2024;21;4;2024;Huiro;OA;1;1;0;11;Animal;Taliepus sp;1;2;;;;;;
24/10/2022;24;10;2022;Chañaral de Aceituno ALA;OA;1;2;20;13.2;Macroalgae;Lessonia trabeculata;1;1;18;3;49;150;3;
24/10/2022;24;10;2022;Chañaral de Aceituno ALA;OA;1;2;20;;Macroalgae;Lessonia trabeculata;1;1;23;3;113;229;3;
24/10/2022;24;10;2022;Chañaral de Aceituno ALA;OA;1;2;10;13.6;Macroalgae;Lessonia trabeculata;1;1;19;2;100;210;3;
21/4/2024;21;4;2024;Huiro;OA;1;2;25;9.5;Animal;Taliepus sp;1;6;;;;;;
24/10/2022;24;10;2022;Chañaral de Aceituno ALA;OA;1;2;10;13.6;Macroalgae;Lessonia trabeculata;1;1;22;2;90;290;3;
24/10/2022;24;10;2022;Chañaral de Aceituno ALA;OA;1;3;30;11;Macroalgae;Lessonia trabeculata;1;1;28;1;45;229;3;
24/10/2022;24;10;2022;Chañaral de Aceituno ALA;OA;1;3;30;11;Macroalgae;Lessonia trabeculata;1;1;27;1;70;140;3;
21/4/2024;21;4;2024;Huiro;OA;1;3;50;8;Animal;Taliepus sp;1;6;;;;;;
24/10/2022;24;10;2022;Chañaral de Aceituno ALA;OA;1;3;20;11;Macroalgae;Lessonia trabeculata;1;1;32;2;52;200;3;
24/10/2022;24;10;2022;Chañaral de Aceituno ALA;OA;1;4;60;10.9;Macroalgae;Lessonia trabeculata;1;1;22;4;27;90;3;
21/4/2024;21;4;2024;Huiro;OA;2;1;0;12.5;Animal;Taliepus sp;1;1;;;;;;
24/10/2022;24;10;2022;Chañaral de Aceituno ALA;OA;1;4;60;;Macroalgae;Lessonia trabeculata;1;1;13;5;16;120;3;
24/10/2022;24;10;2022;Chañaral de Aceituno ALA;OA;1;4;30;11;Macroalgae;Lessonia trabeculata;1;1;14;5;100;150;3;Coalescente
24/10/2022;24;10;2022;Chañaral de Aceituno ALA;OA;1;5;70;9;Macroalgae;Lessonia trabeculata;1;1;62;5;83;190;3;Disco fusionado
21/4/2024;21;4;2024;Huiro;OA;2;2;25;11.5;Animal;Taliepus sp;1;3;;;;;;
24/10/2022;24;10;2022;Chañaral de Aceituno ALA;OA;1;5;70;9;Macroalgae;Lessonia trabeculata;1;1;13;3;25;79;3;
24/10/2022;24;10;2022;Chañaral de Aceituno ALA;OA;1;5;40;10;Macroalgae;Lessonia trabeculata;1;1;22;2;94;290;3;
24/10/2022;24;10;2022;Chañaral de Aceituno ALA;OA;1;6;90;7.8;Macroalgae;Lessonia trabeculata;1;1;10;1;15;60;3;
21/4/2024;21;4;2024;Huiro;OA;2;3;50;12.4;Animal;Taliepus sp;1;7;;;;;;
24/10/2022;24;10;2022;Chañaral de Aceituno ALA;OA;1;6;50;8;Macroalgae;Lessonia trabeculata;1;1;7;2;NA;70;3;
24/10/2022;24;10;2022;Chañaral de Aceituno ALA;OA;1;6;50;8;Macroalgae;Lessonia trabeculata;1;1;15;5;NA;86;3;
24/10/2022;24;10;2022;Chañaral de Aceituno ALA;OA;1;7;90;5;Macroalgae;Lessonia trabeculata;1;1;1;1;2;39;3;
24/10/2022;24;10;2022;Chañaral de Aceituno ALA;OA;1;7;90;5;Macroalgae;Lessonia trabeculata;1;1;4;1;3;30;3;
24/10/2022;24;10;2022;Chañaral de Aceituno ALA;OA;1;7;90;5;Macroalgae;Lessonia trabeculata;1;1;10;2;15;60;3;
22/4/2025;22;4;2024;Huiro;OA;3;1;0;12.7;Animal;Taliepus sp;1;9;;;;;;
24/10/2022;24;10;2022;Chañaral de Aceituno ALA;OA;1;7;90;9.5;Macroalgae;Lessonia trabeculata;1;1;40;5;76;120;3;
24/10/2022;24;10;2022;Chañaral de Aceituno ALA;OA;1;7;90;9.5;Macroalgae;Lessonia trabeculata;1;1;3;2;4;40;3;
24/10/2022;24;10;2022;Chañaral de Aceituno ALA;OA;1;7;60;8.7;Macroalgae;Lessonia trabeculata;1;1;44;7;48;182;3;
25/10/2022;24;10;2022;Chañaral de Aceituno ALA;OA;2;1;10;20;Macroalgae;Lessonia trabeculata;1;1;37;4;99;330;3;
22/4/2025;22;4;2024;Huiro;OA;3;2;25;11;Animal;Taliepus sp;1;3;;;;;;
26/10/2022;24;10;2022;Chañaral de Aceituno ALA;OA;2;1;10;20;Macroalgae;Lessonia trabeculata;1;1;27;5;66;222;3;
24/10/2022;24;10;2022;Chañaral de Aceituno ALA;OA;2;1;0;18;Macroalgae;Lessonia trabeculata;1;1;15;2;72;242;3;
27/10/2022;24;10;2022;Chañaral de Aceituno ALA;OA;2;2;20;18;Macroalgae;Lessonia trabeculata;1;1;26;3;62;220;3;
22/4/2025;22;4;2024;Huiro;OA;3;3;50;10.2;Animal;Taliepus sp;1;1;;;;;;
24/10/2022;24;10;2022;Chañaral de Aceituno ALA;OA;2;2;20;19;Macroalgae;Lessonia trabeculata;1;1;60;14;70;236;3;Coalescente
24/10/2022;24;10;2022;Chañaral de Aceituno ALA;OA;2;2;20;19;Macroalgae;Lessonia trabeculata;1;1;30;2;130;210;3;
28/10/2022;24;10;2022;Chañaral de Aceituno ALA;OA;2;3;30;18;Macroalgae;Lessonia trabeculata;1;1;31;3;59;205;3;
22/4/2025;22;4;2024;Huiro;OA;4;1;0;12.4;Animal;Taliepus sp;1;1;;;;;;
29/10/2022;24;10;2022;Chañaral de Aceituno ALA;OA;2;3;30;17;Macroalgae;Lessonia trabeculata;1;1;37;3;55;150;3;
24/10/2022;24;10;2022;Chañaral de Aceituno ALA;OA;2;3;40;18;Macroalgae;Lessonia trabeculata;1;1;30;2;70;243;3;
24/10/2022;24;10;2022;Chañaral de Aceituno ALA;OA;2;3;40;18;Macroalgae;Lessonia trabeculata;1;1;40;19;29;133;3;Coalescente
30/10/2022;24;10;2022;Chañaral de Aceituno ALA;OA;2;4;40;16;Macroalgae;Lessonia trabeculata;1;1;24;4;38;178;3;
24/10/2022;24;10;2022;Chañaral de Aceituno ALA;OA;2;4;90;16;Macroalgae;Lessonia trabeculata;1;1;16;9;16;132;3;
31/10/2022;24;10;2022;Chañaral de Aceituno ALA;OA;2;5;50;16;Macroalgae;Lessonia trabeculata;1;1;19;8;30;123;3;
22/4/2025;22;4;2024;Huiro;OA;4;2;25;10.5;Animal;Taliepus sp;1;4;;;;;;
1/11/2022;24;10;2022;Chañaral de Aceituno ALA;OA;2;5;50;16;Macroalgae;Lessonia trabeculata;1;1;19;6;14;189;3;
24/10/2022;24;10;2022;Chañaral de Aceituno ALA;OA;2;5;100;15;Macroalgae;Lessonia trabeculata;1;1;43;7;32;126;3;Coalescente
2/11/2022;24;10;2022;Chañaral de Aceituno ALA;OA;2;6;60;16;Macroalgae;Lessonia trabeculata;1;1;26;7;20;147;3;
22/4/2025;22;4;2024;Huiro;OA;4;3;50;9.7;Animal;Taliepus sp;1;1;;;;;;
3/11/2022;24;10;2022;Chañaral de Aceituno ALA;OA;2;7;70;15;Macroalgae;Lessonia trabeculata;1;1;26;2;74;206;3;
4/11/2022;24;10;2022;Chañaral de Aceituno ALA;OA;2;7;70;15;Macroalgae;Lessonia trabeculata;1;1;20;1;70;108;3;
26/10/2022;26;10;2022;Chañaral de Aceituno ALA;OA;3;1;10;11.7;Macroalgae;Lessonia trabeculata;1;1;29;14;53;140;3;
26/10/2022;26;10;2022;Chañaral de Aceituno ALA;OA;3;2;20;12;Macroalgae;Lessonia trabeculata;1;1;30;10;79;182;3;
26/10/2022;26;10;2022;Chañaral de Aceituno ALA;OA;3;2;20;12;Macroalgae;Lessonia trabeculata;1;1;30;8;93;280;3;
26/10/2022;26;10;2022;Chañaral de Aceituno ALA;OA;3;2;20;12.5;Macroalgae;Lessonia trabeculata;1;1;30;6;52;191;3;
26/10/2022;26;10;2022;Chañaral de Aceituno ALA;OA;3;3;30;12.8;Macroalgae;Lessonia trabeculata;1;1;40;5;100;159;3;
26/10/2022;26;10;2022;Chañaral de Aceituno ALA;OA;3;3;30;13.1;Macroalgae;Lessonia trabeculata;1;1;30;6;73;168;3;
26/10/2022;26;10;2022;Chañaral de Aceituno ALA;OA;3;4;40;13;Macroalgae;Lessonia trabeculata;1;1;42;8;78;194;3;
26/10/2022;26;10;2022;Chañaral de Aceituno ALA;OA;3;4;40;13.2;Macroalgae;Lessonia trabeculata;1;1;43;7;58;150;3;
26/10/2022;26;10;2022;Chañaral de Aceituno ALA;OA;3;4;40;13.2;Macroalgae;Lessonia trabeculata;1;1;35;10;46;174;3;
26/10/2022;26;10;2022;Chañaral de Aceituno ALA;OA;3;4;40;13;Animal;Taliepus sp;1;1;NA;NA;NA;NA;NA;
26/10/2022;26;10;2022;Chañaral de Aceituno ALA;OA;3;4;40;13;Animal;Tetrapygus niger;1;1;NA;NA;NA;NA;NA;
26/10/2022;26;10;2022;Chañaral de Aceituno ALA;OA;3;5;50;10;Macroalgae;Lessonia trabeculata;1;1;33;9;93;171;3;
26/10/2022;26;10;2022;Chañaral de Aceituno ALA;OA;3;5;50;10;Macroalgae;Lessonia trabeculata;1;1;35;8;92;184;3;
26/10/2022;26;10;2022;Chañaral de Aceituno ALA;OA;3;5;50;10;Macroalgae;Lessonia trabeculata;1;1;37;2;7;158;3;Coalescente
26/10/2022;26;10;2022;Chañaral de Aceituno ALA;OA;3;5;50;10;Macroalgae;Lessonia trabeculata;1;1;32;1;61;232;3;
26/10/2022;26;10;2022;Chañaral de Aceituno ALA;OA;3;6;60;11;Macroalgae;Lessonia trabeculata;1;1;23;4;127;224;3;
26/10/2022;26;10;2022;Chañaral de Aceituno ALA;OA;3;6;60;11;Macroalgae;Lessonia trabeculata;1;1;27;4;132;252;3;
26/10/2022;26;10;2022;Chañaral de Aceituno ALA;OA;3;6;60;12.4;Macroalgae;Lessonia trabeculata;1;1;26;2;51;176;3;Coalescente
26/10/2022;26;10;2022;Chañaral de Aceituno ALA;OA;3;6;60;12.4;Macroalgae;Lessonia trabeculata;1;1;15;1;44;124;3;
27/10/2022;27;10;2022;Chañaral de Aceituno C;AMERB;1;1;40;8;Macroalgae;Lessonia trabeculata;1;1;45;28;62;154;3;
27/10/2022;27;10;2022;Chañaral de Aceituno C;AMERB;1;1;40;8;Macroalgae;Lessonia trabeculata;1;1;41;6;120;204;3;
27/10/2022;27;10;2022;Chañaral de Aceituno C;AMERB;1;1;40;8;Macroalgae;Lessonia trabeculata;1;1;18;10;28;115;3;medida fuera del cuadrante
27/10/2022;27;10;2022;Chañaral de Aceituno C;AMERB;1;2;50;10;Macroalgae;Lessonia trabeculata;1;1;42;29;119;185;3;
22/3/2024;22;3;2024;Cobquecura;AMERB;1;1;0;9.3;Animal;Tetrapygus niger;1;3;NA;NA;NA;NA;NA;
27/10/2022;27;10;2022;Chañaral de Aceituno C;AMERB;1;2;50;10;Macroalgae;Lessonia trabeculata;1;1;33;29;128;180;3;
27/10/2022;27;10;2022;Chañaral de Aceituno C;AMERB;1;2;50;10;Macroalgae;Lessonia trabeculata;1;1;23;6;136;190;3;
22/3/2024;22;3;2024;Cobquecura;AMERB;1;2;10;8.5;Animal;Fissurella latimarginata;1;1;NA;NA;NA;NA;NA;
27/10/2022;27;10;2022;Chañaral de Aceituno C;AMERB;1;3;60;9.9;Macroalgae;Lessonia trabeculata;1;1;46;16;145;200;3;
27/10/2022;27;10;2022;Chañaral de Aceituno C;AMERB;1;3;60;9.9;Macroalgae;Lessonia trabeculata;1;1;32;6;90;186;3;
27/10/2022;27;10;2022;Chañaral de Aceituno C;AMERB;1;3;60;9.9;Macroalgae;Lessonia trabeculata;1;1;31;3;109;175;3;
27/10/2022;27;10;2022;Chañaral de Aceituno C;AMERB;1;4;70;9.2;Macroalgae;Lessonia trabeculata;1;1;7;3;20;70;3;
27/10/2022;27;10;2022;Chañaral de Aceituno C;AMERB;1;4;70;9.2;Macroalgae;Lessonia trabeculata;1;1;17;10;12;100;3;
22/3/2024;22;3;2024;Cobquecura;AMERB;1;3;20;10.6;Animal;NA;0;0;NA;NA;NA;NA;NA;
27/10/2022;27;10;2022;Chañaral de Aceituno C;AMERB;1;4;70;9.2;Macroalgae;Lessonia trabeculata;1;1;28;9;63;126;3;
27/10/2022;27;10;2022;Chañaral de Aceituno C;AMERB;1;5;80;8.8;Macroalgae;Lessonia trabeculata;1;1;44;19;115;176;3;
27/10/2022;27;10;2022;Chañaral de Aceituno C;AMERB;1;5;80;8.8;Macroalgae;Lessonia trabeculata;1;1;15;7;9;105;3;
27/10/2022;27;10;2022;Chañaral de Aceituno C;AMERB;1;7;95;9.4;Macroalgae;Lessonia trabeculata;1;1;20;3;60;146;3;
27/10/2022;27;10;2022;Chañaral de Aceituno C;AMERB;1;7;95;9.4;Macroalgae;Lessonia trabeculata;1;1;33;8;90;154;3;
22/3/2024;22;3;2024;Cobquecura;AMERB;1;4;30;10;Animal;Fissurella latimarginata;1;1;NA;NA;NA;NA;NA;
27/10/2022;27;10;2022;Chañaral de Aceituno C;AMERB;1;8;90;9.5;Macroalgae;Lessonia trabeculata;1;1;38;5;92;236;3;
27/10/2022;27;10;2022;Chañaral de Aceituno C;AMERB;1;8;90;9.5;Macroalgae;Lessonia trabeculata;1;1;40;10;135;238;3;
27/10/2022;27;10;2022;Chañaral de Aceituno C;AMERB;5;3;20;14.6;Macroalgae;Lessonia trabeculata;1;1;90;21;153;280;3;
27/10/2022;27;10;2022;Chañaral de Aceituno C;AMERB;5;4;30;16.3;Macroalgae;Lessonia trabeculata;1;1;14;1;118;146;1;
27/10/2022;27;10;2022;Chañaral de Aceituno C;AMERB;5;5;40;14.4;Macroalgae;Lessonia trabeculata;1;1;16;3;124;210;3;
27/10/2022;27;10;2022;Chañaral de Aceituno C;AMERB;5;5;40;14.4;Macroalgae;Lessonia trabeculata;1;1;32;6;106;200;3;
27/10/2022;27;10;2022;Chañaral de Aceituno C;AMERB;5;1;5;11.6;Macroalgae;Lessonia trabeculata;1;1;30;2;126;228;3;
27/10/2022;27;10;2022;Chañaral de Aceituno C;AMERB;5;1;5;11.6;Macroalgae;Lessonia trabeculata;1;1;22;15;32;154;3;
27/10/2022;27;10;2022;Chañaral de Aceituno C;AMERB;5;1;5;11.6;Macroalgae;Lessonia trabeculata;1;1;28;3;130;200;3;
27/10/2022;27;10;2022;Chañaral de Aceituno C;AMERB;5;2;10;11;Macroalgae;Lessonia trabeculata;1;1;22;2;130;212;2;
27/10/2022;27;10;2022;Chañaral de Aceituno C;AMERB;5;4;30;16;Macroalgae;Lessonia trabeculata;1;1;21;1;112;180;2;
27/10/2022;27;10;2022;Chañaral de Aceituno C;AMERB;5;4;30;16;Macroalgae;Lessonia trabeculata;1;1;30;3;100;172;2;
22/3/2024;22;3;2024;Cobquecura;AMERB;1;5;40;7.8;Animal;NA;0;0;NA;NA;NA;NA;NA;
27/10/2022;27;10;2022;Chañaral de Aceituno C;AMERB;5;5;40;15.7;Macroalgae;Lessonia trabeculata;1;1;24;5;130;223;3;
27/10/2022;27;10;2022;Chañaral de Aceituno C;AMERB;5;6;55;13;Macroalgae;Lessonia trabeculata;1;1;50;10;110;185;3;
22/3/2024;22;3;2024;Cobquecura;AMERB;1;6;50;NA;Animal;Tetrapygus niger;1;2;NA;NA;NA;NA;NA;
22/3/2024;22;3;2024;Cobquecura;AMERB;1;6;50;NA;Animal;Fissurella latimarginata;1;1;NA;NA;NA;NA;NA;
27/10/2022;27;10;2022;Chañaral de Aceituno C;AMERB;5;7;60;11.5;Macroalgae;Lessonia trabeculata;1;1;8;11;8;90;3;
22/3/2024;22;3;2024;Cobquecura;AMERB;1;7;60;10;Animal;NA;0;0;NA;NA;NA;NA;NA;
27/10/2022;27;10;2022;Chañaral de Aceituno C;AMERB;10;1;20;15;Macroalgae;Lessonia trabeculata;1;1;42;11;118;280;2;
22/3/2024;22;3;2024;Cobquecura;AMERB;5;1;30;18.9;Animal;Tegula sp;1;5;NA;NA;NA;NA;NA;
27/10/2022;27;10;2022;Chañaral de Aceituno C;AMERB;10;1;20;15;Macroalgae;Lessonia trabeculata;1;1;38;4;168;333;3;
22/3/2024;22;3;2024;Cobquecura;AMERB;5;2;40;18.3;Animal;Tegula cuadricostata;1;4;NA;NA;NA;NA;NA;
27/10/2022;27;10;2022;Chañaral de Aceituno C;AMERB;10;2;30;12.5;Macroalgae;Lessonia trabeculata;1;1;48;15;140;270;3;
27/10/2022;27;10;2022;Chañaral de Aceituno C;AMERB;10;3;40;13;Macroalgae;Lessonia trabeculata;1;1;53;19;93;212;3;
22/3/2024;22;3;2024;Cobquecura;AMERB;5;3;50;18.5;Animal;Tegula cuadricostata;1;1;NA;NA;NA;NA;NA;
27/10/2022;27;10;2022;Chañaral de Aceituno C;AMERB;10;4;50;15;Macroalgae;Lessonia trabeculata;1;1;30;3;120;241;3;
27/10/2022;27;10;2022;Chañaral de Aceituno C;AMERB;10;5;60;14.2;Macroalgae;Lessonia trabeculata;1;1;30;20;29;151;3;
22/3/2024;22;3;2024;Cobquecura;AMERB;5;4;60;NA;Animal;Tegula cuadricostata;1;1;NA;NA;NA;NA;NA;
27/10/2022;27;10;2022;Chañaral de Aceituno C;AMERB;10;5;60;14.2;Macroalgae;Lessonia trabeculata;1;1;5;2;8;39;3;
22/3/2024;22;3;2024;Cobquecura;AMERB;4;1;100;11.2;Macroalgae;Lessonia trabeculata;1;1;20;4;6;67;2;
22/3/2024;22;3;2024;Cobquecura;AMERB;4;1;100;11.2;Macroalgae;Lessonia trabeculata;1;1;24;12;13;87;3;
22/3/2024;22;3;2024;Cobquecura;AMERB;5;5;70;16.6;Animal;Taliepus sp;1;1;NA;NA;NA;NA;NA;
22/3/2024;22;3;2024;Cobquecura;AMERB;4;1;100;11.2;Macroalgae;Lessonia trabeculata;1;1;15;2;14;58;1;
22/3/2024;22;3;2024;Cobquecura;AMERB;5;6;80;NA;Animal;NA;0;0;NA;NA;NA;NA;NA;
22/3/2024;22;3;2024;Cobquecura;AMERB;4;2;90;10;Macroalgae;Lessonia trabeculata;1;1;25;2;15;150;3;
22/3/2024;22;3;2024;Cobquecura;AMERB;4;3;80;17;Macroalgae;Lessonia trabeculata;1;1;30;6;13;189;3;
22/3/2024;22;3;2024;Cobquecura;AMERB;5;7;90;16.6;Animal;Taliepus sp;1;1;NA;NA;NA;NA;NA;
22/3/2024;22;3;2024;Cobquecura;AMERB;4;4;70;17;Macroalgae;Lessonia trabeculata;1;1;29;3;16;100;2;
22/3/2024;22;3;2024;Cobquecura;AMERB;4;5;60;17;Macroalgae;Lessonia trabeculata;1;1;27;4;17;270;3;
22/3/2024;22;3;2024;Cobquecura;AMERB;4;6;40;18;Macroalgae;Lessonia trabeculata;1;1;2;2;2;38;2;juvenil
22/3/2024;22;3;2024;Cobquecura;AMERB;4;7;20;17;Macroalgae;Lessonia trabeculata;1;1;34;6;20;150;3;
22/3/2024;22;3;2024;Cobquecura;AMERB;1;1;0;9.3;Macroalgae;Lessonia trabeculata;1;1;30;6;60;230;3;
22/3/2024;22;3;2024;Cobquecura;AMERB;1;1;0;9.3;Macroalgae;Lessonia trabeculata;1;1;0.2;2;0;2;3;
22/3/2024;22;3;2024;Cobquecura;AMERB;1;1;0;9.3;Macroalgae;Lessonia trabeculata;1;1;0.2;1;0;7;3;
22/3/2024;22;3;2024;Cobquecura;AMERB;1;1;0;9.3;Macroalgae;Lessonia trabeculata;1;1;0.2;3;0;10;3;
22/3/2024;22;3;2024;Cobquecura;AMERB;1;1;0;9.3;Macroalgae;Lessonia trabeculata;1;1;4;4;0;50;3;
22/3/2024;22;3;2024;Cobquecura;AMERB;1;2;10;8.5;Macroalgae;Lessonia trabeculata;1;1;39;10;100;180;3;
22/3/2024;22;3;2024;Cobquecura;AMERB;1;2;10;8.5;Macroalgae;Lessonia trabeculata;1;1;2;1;0;20;3;
22/3/2024;22;3;2024;Cobquecura;AMERB;1;3;20;10.6;Macroalgae;Lessonia trabeculata;1;1;29;3;80;190;3;
22/3/2024;22;3;2024;Cobquecura;AMERB;1;2;10;8.9;Animal;Tetrapygus niger;1;3;NA;NA;NA;NA;NA;
22/3/2024;22;3;2024;Cobquecura;AMERB;1;3;20;10.6;Macroalgae;Lessonia trabeculata;1;1;19;1;30;113;3;
22/3/2024;22;3;2024;Cobquecura;AMERB;1;3;20;10.6;Macroalgae;Lessonia trabeculata;1;1;0.2;1;0;8;3;
22/3/2024;22;3;2024;Cobquecura;AMERB;1;3;20;10.6;Macroalgae;Lessonia trabeculata;1;1;0.2;1;0;7;3;
22/3/2024;22;3;2024;Cobquecura;AMERB;1;3;20;10.6;Macroalgae;Lessonia trabeculata;1;1;0.2;1;0;7;3;
22/3/2024;22;3;2024;Cobquecura;AMERB;1;4;30;10;Macroalgae;Lessonia trabeculata;1;1;29;2;50;140;3;
22/3/2024;22;3;2024;Cobquecura;AMERB;1;4;30;10;Macroalgae;Lessonia trabeculata;1;1;0.2;1;0;15;3;
22/3/2024;22;3;2024;Cobquecura;AMERB;1;4;30;10;Macroalgae;Lessonia trabeculata;1;1;0.2;1;0;10;3;
22/3/2024;22;3;2024;Cobquecura;AMERB;1;4;30;10;Macroalgae;Lessonia trabeculata;1;1;0.2;1;0;7;3;
22/3/2024;22;3;2024;Cobquecura;AMERB;1;4;30;10;Macroalgae;Lessonia trabeculata;1;1;0.2;1;0;12;3;
22/3/2024;22;3;2024;Cobquecura;AMERB;1;4;30;10;Macroalgae;Lessonia trabeculata;1;1;0.2;1;0;10;3;
22/3/2024;22;3;2024;Cobquecura;AMERB;1;4;30;10;Macroalgae;Lessonia trabeculata;1;1;0.2;1;0;15;3;
22/3/2024;22;3;2024;Cobquecura;AMERB;1;4;30;10;Macroalgae;Lessonia trabeculata;1;1;0.2;1;0;14;3;
22/3/2024;22;3;2024;Cobquecura;AMERB;1;4;30;10;Macroalgae;Lessonia trabeculata;1;1;0.2;1;0;8;3;
22/3/2024;22;3;2024;Cobquecura;AMERB;1;4;30;10;Macroalgae;Lessonia trabeculata;1;1;0.2;1;0;12;3;
22/3/2024;22;3;2024;Cobquecura;AMERB;1;4;30;10;Macroalgae;Lessonia trabeculata;1;1;0.2;1;0;3;3;
22/3/2024;22;3;2024;Cobquecura;AMERB;1;5;40;7.8;Macroalgae;Lessonia trabeculata;1;1;51;12;90;225;3;
22/3/2024;22;3;2024;Cobquecura;AMERB;1;5;40;7.8;Macroalgae;Lessonia trabeculata;1;1;1;1;0;9;3;
22/3/2024;22;3;2024;Cobquecura;AMERB;1;5;40;7.8;Macroalgae;Lessonia trabeculata;1;1;0.2;1;0;7;3;
22/3/2024;22;3;2024;Cobquecura;AMERB;1;5;40;7.8;Macroalgae;Lessonia trabeculata;1;1;0.2;1;0;2;3;
22/3/2024;22;3;2024;Cobquecura;AMERB;1;5;40;7.8;Macroalgae;Lessonia trabeculata;1;1;0.2;1;0;3;3;
22/3/2024;22;3;2024;Cobquecura;AMERB;1;5;40;7.8;Macroalgae;Lessonia trabeculata;1;1;0.2;1;0;10;3;
22/3/2024;22;3;2024;Cobquecura;AMERB;1;6;50;NA;Macroalgae;Lessonia trabeculata;1;1;38;13;50;210;3;
22/3/2024;22;3;2024;Cobquecura;AMERB;1;6;50;NA;Macroalgae;Lessonia trabeculata;1;1;23;4;56;273;3;
22/3/2024;22;3;2024;Cobquecura;AMERB;1;7;60;10;Macroalgae;Lessonia trabeculata;1;1;40;8;76;210;3;
22/3/2024;22;3;2024;Cobquecura;AMERB;5;1;30;18.9;Macroalgae;Lessonia trabeculata;1;1;50;4;136;277;3;Coalescente
22/3/2024;22;3;2024;Cobquecura;AMERB;5;2;40;18.3;Macroalgae;Lessonia trabeculata;1;1;46;4;140;290;3;
22/3/2024;22;3;2024;Cobquecura;AMERB;5;3;50;18.5;Macroalgae;Lessonia trabeculata;1;1;26;3;144;260;3;
22/3/2024;22;3;2024;Cobquecura;AMERB;5;3;50;18.5;Macroalgae;Lessonia trabeculata;1;1;21;1;233;240;3;
22/3/2024;22;3;2024;Cobquecura;AMERB;5;4;60;NA;Macroalgae;Lessonia trabeculata;1;1;32;6;150;200;3;
22/3/2024;22;3;2024;Cobquecura;AMERB;5;4;60;NA;Macroalgae;Lessonia trabeculata;1;1;35;4;130;250;3;
1/12/2024;12;1;2024;Quintay A;AMERB;1;3;20;9.3;Animal;Taliepus sp;1;1;NA;NA;NA;NA;NA;
22/3/2024;22;3;2024;Cobquecura;AMERB;5;5;70;16.6;Macroalgae;Lessonia trabeculata;1;1;25;6;210;280;3;
22/3/2024;22;3;2024;Cobquecura;AMERB;5;5;70;16.6;Macroalgae;Lessonia trabeculata;1;1;5;2;12;50;3;
22/3/2024;22;3;2024;Cobquecura;AMERB;5;5;70;16.6;Macroalgae;Lessonia trabeculata;1;1;1;1;12;40;3;
22/3/2024;22;3;2024;Cobquecura;AMERB;5;6;80;NA;Macroalgae;Lessonia trabeculata;1;1;35;4;165;300;3;
22/3/2024;22;3;2024;Cobquecura;AMERB;5;7;90;16.6;Macroalgae;Lessonia trabeculata;1;1;34;3;126;220;3;
22/3/2024;22;3;2024;Cobquecura;AMERB;5;7;90;16.6;Macroalgae;Lessonia trabeculata;1;1;46;9;140;200;3;
22/3/2024;22;3;2024;Cobquecura;AMERB;4;1;100;11.2;Macroalgae;Lessonia trabeculata;1;1;40;12;130;200;3;
22/3/2024;22;3;2024;Cobquecura;AMERB;4;1;100;11.2;Macroalgae;Lessonia trabeculata;1;1;40;15;77;180;3;
22/3/2024;22;3;2024;Cobquecura;AMERB;4;1;100;11.2;Macroalgae;Lessonia trabeculata;1;1;0.2;1;0.4;6;3;
22/3/2024;22;3;2024;Cobquecura;AMERB;4;2;90;10;Macroalgae;Lessonia trabeculata;1;1;50;10;170;266;3;
22/3/2024;22;3;2024;Cobquecura;AMERB;4;2;90;10;Macroalgae;Lessonia trabeculata;1;1;30;6;125;263;3;
22/3/2024;22;3;2024;Cobquecura;AMERB;4;3;80;17;Macroalgae;Lessonia trabeculata;1;1;47;8;140;260;3;
22/3/2024;22;3;2024;Cobquecura;AMERB;4;4;70;17;Macroalgae;Lessonia trabeculata;1;1;49;5;110;267;3;
1/12/2024;12;1;2024;Quintay A;OA;5;3;30;12.5;Animal;Taliepus sp;1;1;NA;NA;NA;NA;NA;
22/3/2024;22;3;2024;Cobquecura;AMERB;4;5;60;17;Macroalgae;Lessonia trabeculata;1;1;28;4;115;218;3;
22/3/2024;22;3;2024;Cobquecura;AMERB;4;6;40;18;Macroalgae;Lessonia trabeculata;1;1;31;5;115;266;3;
22/3/2024;22;3;2024;Cobquecura;AMERB;4;7;20;17;Macroalgae;Lessonia trabeculata;1;1;30;4;136;234;3;
22/3/2024;22;3;2024;Cobquecura;AMERB;1;1;0;8;Macroalgae;Lessonia trabeculata;1;1;32;8;143;255;3;
22/3/2024;22;3;2024;Cobquecura;AMERB;1;2;10;8.9;Macroalgae;Lessonia trabeculata;1;1;17;4;61;131;3;
22/3/2024;22;3;2024;Cobquecura;AMERB;1;3;20;8.9;Macroalgae;Lessonia trabeculata;1;1;27;1;37;156;3;
1/12/2024;12;1;2024;Quintay A;OA;5;6;60;9;Animal;Taliepus sp;1;1;NA;NA;NA;NA;NA;
22/3/2024;22;3;2024;Cobquecura;AMERB;1;4;30;11.7;Macroalgae;Lessonia trabeculata;1;1;25;5;38;128;3;
22/3/2024;22;3;2024;Cobquecura;AMERB;1;5;40;9.5;Macroalgae;Lessonia trabeculata;1;1;24;3;72;132;3;
22/3/2024;22;3;2024;Cobquecura;AMERB;1;2;10;8.9;Macroalgae;Lessonia trabeculata;1;1;38;12;122;232;3;
22/3/2024;22;3;2024;Cobquecura;AMERB;1;6;50;NA;Macroalgae;Lessonia trabeculata;1;1;13;2;41;75;3;
22/3/2024;22;3;2024;Cobquecura;AMERB;1;6;50;NA;Macroalgae;Lessonia trabeculata;1;1;9;1;36;91;3;
22/3/2024;22;3;2024;Cobquecura;AMERB;1;6;50;NA;Macroalgae;Lessonia trabeculata;1;1;0.2;NA;NA;2;3;
22/3/2024;22;3;2024;Cobquecura;AMERB;1;7;60;10;Macroalgae;Lessonia trabeculata;1;1;14;3;41;136;3;
22/3/2024;22;3;2024;Cobquecura;AMERB;1;7;60;10;Macroalgae;Lessonia trabeculata;1;1;0.4;NA;NA;10;3;
22/3/2024;22;3;2024;Cobquecura;AMERB;1;7;60;10;Macroalgae;Lessonia trabeculata;1;1;0.2;NA;NA;5;3;
22/3/2024;22;3;2024;Cobquecura;AMERB;5;1;30;18.8;Macroalgae;Lessonia trabeculata;1;1;22;2;135;240;3;
22/3/2024;22;3;2024;Cobquecura;AMERB;5;2;40;18.8;Macroalgae;Lessonia trabeculata;1;1;28;2;138;225;3;
22/3/2024;22;3;2024;Cobquecura;AMERB;5;3;50;18.8;Macroalgae;Lessonia trabeculata;1;1;9;2;44;125;3;
22/3/2024;22;3;2024;Cobquecura;AMERB;5;3;50;18.8;Macroalgae;Lessonia trabeculata;1;1;9;3;32;104;3;
22/3/2024;22;3;2024;Cobquecura;AMERB;5;4;60;NA;Macroalgae;Lessonia trabeculata;1;1;10;1;156;267;3;
23/1/2024;23;1;2024;Quintay A;OA;7;4;50;12.1;Animal;Taliepus sp;1;1;NA;NA;NA;NA;NA;
22/3/2024;22;3;2024;Cobquecura;AMERB;5;5;70;NA;Macroalgae;Lessonia trabeculata;1;1;4;2;NA;63;3;
22/3/2024;22;3;2024;Cobquecura;AMERB;5;5;70;NA;Macroalgae;Lessonia trabeculata;1;1;4;1;NA;66;3;
22/3/2024;22;3;2024;Cobquecura;AMERB;5;5;70;NA;Macroalgae;Lessonia trabeculata;1;1;3;1;NA;28;3;
23/1/2024;23;1;2024;Quintay A;OA;7;5;60;11.1;Animal;Taliepus sp;1;4;NA;NA;NA;NA;NA;
22/3/2024;22;3;2024;Cobquecura;AMERB;5;5;70;NA;Macroalgae;Lessonia trabeculata;1;1;2;2;NA;24;3;
22/3/2024;22;3;2024;Cobquecura;AMERB;5;6;80;NA;Macroalgae;Lessonia trabeculata;1;1;35;5;200;323;3;
22/3/2024;22;3;2024;Cobquecura;AMERB;5;7;90;NA;Macroalgae;Lessonia trabeculata;1;1;6;3;NA;56;3;
22/3/2024;22;3;2024;Cobquecura;AMERB;5;7;90;NA;Macroalgae;Lessonia trabeculata;1;1;2;2;NA;58;3;
22/3/2024;22;3;2024;Cobquecura;AMERB;5;7;90;NA;Macroalgae;Lessonia trabeculata;1;1;10;4;NA;66;3;
22/3/2024;22;3;2024;Cobquecura;AMERB;5;7;90;NA;Macroalgae;Lessonia trabeculata;1;1;2;2;NA;15;3;
21/4/2024;21;4;2024;Huiro;OA;1;1;0;11;Macroalgae;Lessonia trabeculata;1;1;33;11;128;175;3;
21/4/2024;21;4;2024;Huiro;OA;1;1;0;11;Macroalgae;Lessonia trabeculata;1;1;20;3;105;160;3;
21/4/2024;21;4;2024;Huiro;OA;1;2;25;9.5;Macroalgae;Lessonia trabeculata;1;1;29;13;77;147;3;
21/4/2024;21;4;2024;Huiro;OA;1;2;25;9.5;Macroalgae;Lessonia trabeculata;1;1;28;2;72;125;3;
14/2/2024;14;2;2024;Ventanas;AMERB;5;2;40;16;Animal;Tegula sp;1;97;NA;NA;NA;NA;NA;
21/4/2024;21;4;2024;Huiro;OA;1;2;25;9.5;Macroalgae;Lessonia trabeculata;1;1;38;16;115;173;3;
14/2/2024;14;2;2024;Ventanas;AMERB;5;3;50;14;Animal;Tetrapygus niger;1;3;NA;NA;NA;NA;NA;
14/2/2024;14;2;2024;Ventanas;AMERB;5;3;50;14;Animal;Tegula sp;1;1;NA;NA;NA;NA;NA;
21/4/2024;21;4;2024;Huiro;OA;1;3;50;8;Macroalgae;Lessonia trabeculata;1;1;21;6;40;80;3;
21/4/2024;21;4;2024;Huiro;OA;1;3;50;8;Macroalgae;Lessonia trabeculata;1;1;27;12;60;110;3;
14/2/2024;14;2;2024;Ventanas;AMERB;5;4;60;13;Animal;Tegula sp;1;4;NA;NA;NA;NA;NA;
21/4/2024;21;4;2024;Huiro;OA;1;3;50;8;Macroalgae;Lessonia trabeculata;1;1;30;14;43;105;3;
14/2/2024;14;2;2024;Ventanas;AMERB;5;5;70;14;Animal;Tegula sp;1;32;NA;NA;NA;NA;NA;
21/4/2024;21;4;2024;Huiro;OA;2;1;0;12.5;Macroalgae;Lessonia trabeculata;1;1;16;3;110;172;3;
21/4/2024;21;4;2024;Huiro;OA;2;1;0;12.5;Macroalgae;Lessonia trabeculata;1;1;24;5;77;148;3;
14/2/2024;14;2;2024;Ventanas;AMERB;5;6;80;14;Animal;Tegula sp;1;77;NA;NA;NA;NA;NA;
14/2/2024;14;2;2024;Ventanas;AMERB;5;6;80;14;Animal;Tetrapygus niger;1;1;NA;NA;NA;NA;NA;
21/4/2024;21;4;2024;Huiro;OA;2;2;25;11.5;Macroalgae;Lessonia trabeculata;1;1;20;3;110;172;3;
14/2/2024;14;2;2024;Ventanas;AMERB;5;7;90;13.1;Animal;Tegula sp;1;8;NA;NA;NA;NA;NA;
14/2/2024;14;2;2024;Ventanas;AMERB;5;7;90;13.1;Animal;Taliepus sp;1;1;NA;NA;NA;NA;NA;
14/2/2024;14;2;2024;Ventanas;AMERB;5;1;30;16;Animal;Tetrapygus niger;1;1;NA;NA;NA;NA;NA;
14/2/2024;14;2;2024;Ventanas;AMERB;5;1;30;16;Animal;Odontaster penicillatus;1;1;NA;NA;NA;NA;NA;
21/4/2024;21;4;2024;Huiro;OA;2;2;25;11.5;Macroalgae;Lessonia trabeculata;1;1;24;3;125;194;3;
14/2/2024;14;2;2024;Ventanas;AMERB;5;2;40;16;Animal;Tegula sp;1;30;NA;NA;NA;NA;NA;
21/4/2024;21;4;2024;Huiro;OA;2;2;25;11.5;Macroalgae;Lessonia trabeculata;1;1;23;2;110;142;3;
21/4/2024;21;4;2024;Huiro;OA;2;3;50;12.4;Macroalgae;Lessonia trabeculata;1;1;12;28;100;162;3;
21/4/2024;21;4;2024;Huiro;OA;2;3;50;12.4;Macroalgae;Lessonia trabeculata;1;1;25;7;100;182;3;
21/4/2024;21;4;2024;Huiro;OA;2;3;50;12.4;Macroalgae;Lessonia trabeculata;1;1;19;5;110;175;3;
22/4/2025;22;4;2024;Huiro;OA;3;1;0;12.7;Macroalgae;Lessonia trabeculata;1;1;13;2;55;87;2;
22/4/2025;22;4;2024;Huiro;OA;3;1;0;12.7;Macroalgae;Lessonia trabeculata;1;1;17;5;57;98;2;
14/2/2024;14;2;2024;Ventanas;AMERB;5;4;60;13;Animal;Turritela cingulata;1;1;NA;NA;NA;NA;NA;
14/2/2024;14;2;2024;Ventanas;AMERB;5;4;60;13;Animal;crassilabrum crassilabrum;1;1;NA;NA;NA;NA;NA;
22/4/2025;22;4;2024;Huiro;OA;3;1;0;12.7;Macroalgae;Lessonia trabeculata;1;1;18;13;52;77;2;
22/4/2025;22;4;2024;Huiro;OA;3;1;0;12.7;Macroalgae;Lessonia trabeculata;1;1;9;4;53;95;3;
14/2/2024;14;2;2024;Ventanas;AMERB;5;6;80;14;Animal;Tegula sp;1;15;NA;NA;NA;NA;NA;
22/4/2025;22;4;2024;Huiro;OA;3;1;0;12.7;Macroalgae;Lessonia trabeculata;1;1;25;27;51;106;3;
22/4/2025;22;4;2024;Huiro;OA;3;2;25;11;Macroalgae;Lessonia trabeculata;1;1;9;2;24;66;2;
22/4/2025;22;4;2024;Huiro;OA;3;2;25;11;Macroalgae;Lessonia trabeculata;1;1;25;13;40;118;3;
22/4/2025;22;4;2024;Huiro;OA;3;2;25;11;Macroalgae;Lessonia trabeculata;1;1;8;1;73;97;2;
22/4/2025;22;4;2024;Huiro;OA;3;2;25;11;Macroalgae;Lessonia trabeculata;1;1;22;10;77;120;2;
22/4/2025;22;4;2024;Huiro;OA;3;3;50;10.2;Macroalgae;Lessonia trabeculata;1;1;19;3;70;103;1;
22/4/2025;22;4;2024;Huiro;OA;3;3;50;10.2;Macroalgae;Lessonia trabeculata;1;1;16;3;43;89;1;
22/4/2025;22;4;2024;Huiro;OA;3;3;50;10.2;Macroalgae;Lessonia trabeculata;1;1;10;2;47;80;1;
14/2/2024;14;2;2024;Ventanas;AMERB;1;2;20;10.1;Animal;Taliepus sp;1;2;NA;NA;NA;NA;NA;
22/4/2025;22;4;2024;Huiro;OA;4;1;50;10.2;Macroalgae;Lessonia trabeculata;1;1;17;16;30;98;3;
14/2/2024;14;2;2024;Ventanas;AMERB;1;3;30;9.1;Animal;Taliepus sp;1;4;NA;NA;NA;NA;NA;
22/4/2025;22;4;2024;Huiro;OA;4;1;0;12.4;Macroalgae;Lessonia trabeculata;1;1;15;3;59;132;3;
22/4/2025;22;4;2024;Huiro;OA;4;1;0;12.4;Macroalgae;Lessonia trabeculata;1;1;30;13;58;132;3;
14/2/2024;14;2;2024;Ventanas;AMERB;1;4;50;8;Animal;Taliepus sp;1;5;NA;NA;NA;NA;NA;
22/4/2025;22;4;2024;Huiro;OA;4;2;25;10.5;Macroalgae;Lessonia trabeculata;1;1;16;7;46;130;3;
22/4/2025;22;4;2024;Huiro;OA;4;2;25;10.5;Macroalgae;Lessonia trabeculata;1;1;24;8;43;86;3;
14/2/2024;14;2;2024;Ventanas;AMERB;1;5;60;7.8;Animal;Taliepus sp;1;3;NA;NA;NA;NA;NA;
22/4/2025;22;4;2024;Huiro;OA;4;2;25;10.5;Macroalgae;Lessonia trabeculata;1;1;20;18;52;115;3;
14/2/2024;14;2;2024;Ventanas;AMERB;1;6;70;6;Animal;Taliepus sp;3;1;NA;NA;NA;NA;NA;
22/4/2025;22;4;2024;Huiro;OA;4;2;25;10.5;Macroalgae;Lessonia trabeculata;1;1;30;18;70;135;3;
14/2/2024;14;2;2024;Ventanas;AMERB;1;7;80;6;Animal;Taliepus sp;1;1;NA;NA;NA;NA;NA;
22/4/2025;22;4;2024;Huiro;OA;4;2;25;10.5;Macroalgae;Lessonia trabeculata;1;1;25;8;55;105;3;
22/4/2025;22;4;2024;Huiro;OA;4;2;25;10.5;Macroalgae;Lessonia trabeculata;1;1;13;1;80;133;2;
22/4/2025;22;4;2024;Huiro;OA;4;3;50;9.7;Macroalgae;Lessonia trabeculata;1;1;1;2;2;23;3;
22/4/2025;22;4;2024;Huiro;OA;4;3;50;9.7;Macroalgae;Lessonia trabeculata;1;1;16;7;10;78;3;
22/4/2025;22;4;2024;Huiro;OA;4;3;50;9.7;Macroalgae;Lessonia trabeculata;1;1;9;4;6;65;3;
16/4/2024;16;4;2024;Punta de Tralca;OA;3;1;6;10;Macroalgae;Lessonia trabeculata;1;1;37;7;137;196;2;
16/4/2024;16;4;2024;Punta de Tralca;OA;3;1;6;10;Macroalgae;Lessonia trabeculata;1;1;32;2;92;200;2;
16/4/2024;16;4;2024;Punta de Tralca;OA;3;2;8;13;Macroalgae;Lessonia trabeculata;1;1;27;2;172;207;2;
16/4/2024;16;4;2024;Punta de Tralca;OA;3;2;8;13;Macroalgae;Lessonia trabeculata;1;1;NA;6;140;204;2;lo siento! se me olvidó anotar el DD lpm
16/4/2024;16;4;2024;Punta de Tralca;OA;3;2;8;13;Macroalgae;Lessonia trabeculata;1;1;NA;5;148;190;2;lo siento! se me olvidó anotar el DD lpm
16/4/2024;16;4;2024;Punta de Tralca;OA;2;1;3;2;Macroalgae;Lessonia trabeculata;1;1;27;16;130;173;3;
16/4/2024;16;4;2024;Punta de Tralca;OA;2;1;2;2.2;Macroalgae;Lessonia trabeculata;1;1;20;1;116;160;1;
16/4/2024;16;4;2024;Punta de Tralca;OA;2;2;2;2.8;Macroalgae;Lessonia trabeculata;1;1;40;13;142;220;3;
16/4/2024;16;4;2024;Punta de Tralca;OA;1;1;3;3;Macroalgae;Lessonia trabeculata;1;1;36;8;65;140;1;
16/4/2024;16;4;2024;Punta de Tralca;OA;1;1;3;3;Macroalgae;Lessonia trabeculata;1;1;34;11;87;110;3;
16/4/2024;16;4;2024;Punta de Tralca;OA;1;2;2;2.6;Macroalgae;Lessonia trabeculata;1;1;30;7;150;200;2;
1/12/2024;12;1;2024;Quintay A;AMERB;1;1;0;8.4;Macroalgae;Lessonia trabeculata;1;1;35;7;69;85;3;
1/12/2024;12;1;2024;Quintay A;AMERB;1;1;0;8.4;Macroalgae;Lessonia trabeculata;1;1;28;4;123;140;3;
1/12/2024;12;1;2024;Quintay A;AMERB;1;1;0;8.4;Macroalgae;Lessonia trabeculata;1;1;33;4;160;176;2;
1/12/2024;12;1;2024;Quintay A;AMERB;1;2;10;8.1;Macroalgae;Lessonia trabeculata;1;1;37;7;216;240;3;
1/12/2024;12;1;2024;Quintay A;AMERB;1;3;20;9.3;Macroalgae;Lessonia trabeculata;1;1;30;5;170;192;3;
1/12/2024;12;1;2024;Quintay A;AMERB;1;3;20;9.3;Macroalgae;Lessonia trabeculata;1;1;52;7;225;240;3;
1/12/2024;12;1;2024;Quintay A;AMERB;1;4;40;10;Macroalgae;Lessonia trabeculata;1;1;30;7;132;148;3;
1/12/2024;12;1;2024;Quintay A;AMERB;1;5;50;12.3;Macroalgae;Lessonia trabeculata;1;1;45;9;162;177;2;
1/12/2024;12;1;2024;Quintay A;AMERB;1;5;50;12.3;Macroalgae;Lessonia trabeculata;1;1;43;12;173;193;3;
1/12/2024;12;1;2024;Quintay A;AMERB;1;6;60;11.3;Macroalgae;Lessonia trabeculata;1;1;40;12;210;230;3;
1/12/2024;12;1;2024;Quintay A;AMERB;1;6;60;11.3;Macroalgae;Lessonia trabeculata;1;1;38;3;148;160;3;
1/12/2024;12;1;2024;Quintay A;AMERB;1;7;70;11.5;Macroalgae;Lessonia trabeculata;1;1;22;3;120;132;2;
1/12/2024;12;1;2024;Quintay A;AMERB;1;7;70;11.5;Macroalgae;Lessonia trabeculata;1;1;50;12;170;186;3;
1/12/2024;12;1;2024;Quintay A;AMERB;5;1;10;10;Macroalgae;Lessonia trabeculata;1;1;18;8;187;196;2;
1/12/2024;12;1;2024;Quintay A;AMERB;5;1;10;10;Macroalgae;Lessonia trabeculata;1;1;17;8;173;192;3;
1/12/2024;12;1;2024;Quintay A;AMERB;5;1;10;10;Macroalgae;Lessonia trabeculata;1;1;10;1;125;133;3;
1/12/2024;12;1;2024;Quintay A;AMERB;5;2;20;13.7;Macroalgae;Lessonia trabeculata;1;1;20;2;143;152;3;
1/12/2024;12;1;2024;Quintay A;AMERB;5;3;30;12.5;Macroalgae;Lessonia trabeculata;1;1;34;3;214;225;3;
1/12/2024;12;1;2024;Quintay A;AMERB;5;3;30;12.5;Macroalgae;Lessonia trabeculata;1;1;40;3;205;223;3;
1/12/2024;12;1;2024;Quintay A;AMERB;5;4;40;11.5;Macroalgae;Lessonia trabeculata;1;1;30;4;170;195;2;
1/12/2024;12;1;2024;Quintay A;AMERB;5;4;40;11.5;Macroalgae;Lessonia trabeculata;1;1;22;1;180;203;3;
1/12/2024;12;1;2024;Quintay A;AMERB;5;5;50;11.6;Macroalgae;Lessonia trabeculata;1;1;30;10;175;190;3;
1/12/2024;12;1;2024;Quintay A;AMERB;5;5;50;11.6;Macroalgae;Lessonia trabeculata;1;1;27;3;174;198;3;
1/12/2024;12;1;2024;Quintay A;AMERB;5;6;60;9;Macroalgae;Lessonia trabeculata;1;1;23;1;180;190;3;
1/12/2024;12;1;2024;Quintay A;AMERB;5;6;60;9;Macroalgae;Lessonia trabeculata;1;1;38;7;185;270;3;
1/12/2024;12;1;2024;Quintay A;AMERB;5;7;70;11;Macroalgae;Lessonia trabeculata;1;1;18;4;140;153;3;
1/12/2024;12;1;2024;Quintay A;AMERB;5;7;70;11;Macroalgae;Lessonia trabeculata;1;1;32;6;153;220;3;
1/12/2024;12;1;2024;Quintay A;AMERB;5;7;70;11;Macroalgae;Lessonia trabeculata;1;1;26;7;70;140;3;
23/1/2024;23;1;2024;Quintay A;AMERB;7;1;20;15.9;Macroalgae;Lessonia trabeculata;1;1;15;3;51;96;1;
23/1/2024;23;1;2024;Quintay A;AMERB;7;1;20;15.9;Macroalgae;Lessonia trabeculata;1;1;23;3;66;126;3;
23/1/2024;23;1;2024;Quintay A;AMERB;7;1;20;15.9;Macroalgae;Lessonia trabeculata;1;1;18;3;69;120;3;
23/1/2024;23;1;2024;Quintay A;AMERB;7;2;30;15.9;Macroalgae;Lessonia trabeculata;1;1;35;8;102;144;3;
23/1/2024;23;1;2024;Quintay A;AMERB;7;2;30;15.9;Macroalgae;Lessonia trabeculata;1;1;16;1;114;154;3;
23/1/2024;23;1;2024;Quintay A;AMERB;7;2;30;15.9;Macroalgae;Lessonia trabeculata;1;1;14;1;102;154;3;
23/1/2024;23;1;2024;Quintay A;AMERB;7;3;40;14.3;Macroalgae;Lessonia trabeculata;1;1;22;5;82;146;2;
23/1/2024;23;1;2024;Quintay A;AMERB;7;3;40;14.3;Macroalgae;Lessonia trabeculata;1;1;26;2;149;162;1;
23/1/2024;23;1;2024;Quintay A;AMERB;7;3;40;14.3;Macroalgae;Lessonia trabeculata;1;1;23;3;108;144;3;
23/1/2024;23;1;2024;Quintay A;AMERB;7;4;50;12.1;Macroalgae;Lessonia trabeculata;1;1;19;13;54;120;3;
23/1/2024;23;1;2024;Quintay A;AMERB;7;4;50;12.1;Macroalgae;Lessonia trabeculata;1;1;16;22;35;123;3;
23/1/2024;23;1;2024;Quintay A;AMERB;7;5;60;11.1;Macroalgae;Lessonia trabeculata;1;1;19;13;47;119;3;
23/1/2024;23;1;2024;Quintay A;AMERB;7;5;60;11.1;Macroalgae;Lessonia trabeculata;1;1;22;11;44;114;3;
23/1/2024;23;1;2024;Quintay A;AMERB;7;5;60;11.1;Macroalgae;Lessonia trabeculata;1;1;22;30;36;136;3;
23/1/2024;23;1;2024;Quintay A;AMERB;7;6;70;12.6;Macroalgae;Lessonia trabeculata;1;1;48;13;128;140;3;
14/2/2024;14;2;2024;Ventanas;AMERB;1;3;30;9.1;Animal;Tetrapygus niger;1;1;NA;NA;NA;NA;NA;
23/1/2024;23;1;2024;Quintay A;AMERB;7;6;70;12.6;Macroalgae;Lessonia trabeculata;1;1;16;1;94;100;2;
23/1/2024;23;1;2024;Quintay A;AMERB;7;7;80;11;Macroalgae;Lessonia trabeculata;1;1;14;1;148;163;3;
23/1/2024;23;1;2024;Quintay A;AMERB;7;7;80;11;Macroalgae;Lessonia trabeculata;1;1;25;4;140;153;3;
23/1/2024;23;1;2024;Quintay A;AMERB;7;8;90;9.5;Macroalgae;Lessonia trabeculata;1;1;43;12;168;178;3;
23/1/2024;23;1;2024;Quintay A;AMERB;7;8;90;9.5;Macroalgae;Lessonia trabeculata;1;1;23;120;135;135;3;
14/2/2024;14;2;2024;Ventanas;AMERB;5;1;30;16;Macroalgae;Lessonia trabeculata;1;1;29;8;116;235;3;
14/2/2024;14;2;2024;Ventanas;AMERB;5;1;30;16;Macroalgae;Lessonia trabeculata;1;1;30;3;80;160;3;
14/2/2024;14;2;2024;Ventanas;AMERB;5;2;40;16;Macroalgae;Lessonia trabeculata;1;1;25;5;55;160;3;
14/2/2024;14;2;2024;Ventanas;AMERB;5;2;40;16;Macroalgae;Lessonia trabeculata;1;1;20;2;100;150;2;
14/2/2024;14;2;2024;Ventanas;AMERB;5;3;50;14;Macroalgae;Lessonia trabeculata;1;1;25;3;85;175;2;
14/2/2024;14;2;2024;Ventanas;AMERB;5;4;60;13;Macroalgae;Lessonia trabeculata;1;1;33;8;105;193;3;
14/2/2024;14;2;2024;Ventanas;AMERB;5;4;60;13;Macroalgae;Lessonia trabeculata;1;1;15;3;32;101;2;
14/2/2024;14;2;2024;Ventanas;AMERB;5;5;70;14;Macroalgae;Lessonia trabeculata;1;1;25;2;125;200;3;
14/2/2024;14;2;2024;Ventanas;AMERB;3;1;10;8.2;Macroalgae;Lessonia trabeculata;1;1;2;2;NA;17;3;
14/2/2024;14;2;2024;Ventanas;AMERB;3;1;10;8.2;Macroalgae;Lessonia trabeculata;1;1;1;1;NA;5;3;
14/2/2024;14;2;2024;Ventanas;AMERB;5;6;80;14;Macroalgae;Lessonia trabeculata;1;1;30;4;100;195;3;
14/2/2024;14;2;2024;Ventanas;AMERB;5;6;80;14;Macroalgae;Lessonia trabeculata;1;1;16;2;77;139;2;
14/2/2024;14;2;2024;Ventanas;AMERB;3;1;10;8.2;Macroalgae;Lessonia trabeculata;1;1;2;1;NA;13;3;
14/2/2024;14;2;2024;Ventanas;AMERB;5;7;90;13.1;Macroalgae;Lessonia trabeculata;1;1;47;7;105;200;3;
14/2/2024;14;2;2024;Ventanas;AMERB;5;1;30;16;Macroalgae;Lessonia trabeculata;1;1;45;9;140;168;3;
14/2/2024;14;2;2024;Ventanas;AMERB;5;2;40;16;Macroalgae;Lessonia trabeculata;1;1;21;10;150;163;3;
14/2/2024;14;2;2024;Ventanas;AMERB;3;1;10;8.2;Macroalgae;Lessonia trabeculata;1;1;4;2;NA;30;3;
14/2/2024;14;2;2024;Ventanas;AMERB;5;2;40;16;Macroalgae;Lessonia trabeculata;1;1;27;2;100;110;2;
14/2/2024;14;2;2024;Ventanas;AMERB;5;3;50;14;Macroalgae;Lessonia trabeculata;1;1;2;1;6;6.5;1;
14/2/2024;14;2;2024;Ventanas;AMERB;5;3;50;14;Macroalgae;Lessonia trabeculata;1;1;1;1;4;4.3;1;
14/2/2024;14;2;2024;Ventanas;AMERB;5;3;50;14;Macroalgae;Lessonia trabeculata;1;1;1;1;8;8.2;1;
14/2/2024;14;2;2024;Ventanas;AMERB;5;3;50;14;Macroalgae;Lessonia trabeculata;1;1;0.5;1;6;6.1;1;
14/2/2024;14;2;2024;Ventanas;AMERB;5;4;60;13;Macroalgae;Lessonia trabeculata;1;1;22;11;90;98;3;
14/2/2024;14;2;2024;Ventanas;AMERB;5;5;70;14;Macroalgae;Lessonia trabeculata;1;1;29;14;137;153;3;
27/10/2022;27;10;2022;Chañaral de Aceituno C;AMERB;1;1;40;8;Animal;Taliepus sp;1;2;NA;NA;NA;NA;NA;
14/2/2024;14;2;2024;Ventanas;AMERB;5;6;80;14;Macroalgae;Lessonia trabeculata;1;1;20;10;138;153;3;
14/2/2024;14;2;2024;Ventanas;AMERB;5;6;80;14;Macroalgae;Lessonia trabeculata;1;1;31;15;180;190;3;
14/2/2024;14;2;2024;Ventanas;AMERB;1;1;10;10.7;Macroalgae;Lessonia trabeculata;1;1;13;4;3;87;3;
27/10/2022;27;10;2022;Chañaral de Aceituno C;AMERB;1;2;50;10;Animal;Taliepus sp;1;5;NA;NA;NA;NA;NA;
27/10/2022;27;10;2022;Chañaral de Aceituno C;AMERB;1;2;50;10;Animal;Tetrapygus niger;1;4;NA;NA;NA;NA;NA;
14/2/2024;14;2;2024;Ventanas;AMERB;1;1;10;10.7;Macroalgae;Lessonia trabeculata;1;1;20;9;25;135;3;coalescente
14/2/2024;14;2;2024;Ventanas;AMERB;1;1;10;10.7;Macroalgae;Lessonia trabeculata;1;1;15;2;50;170;3;
14/2/2024;14;2;2024;Ventanas;AMERB;1;2;20;10.1;Macroalgae;Lessonia trabeculata;1;1;32;11;58;175;3;
27/10/2022;27;10;2022;Chañaral de Aceituno C;AMERB;1;3;60;9.9;Animal;Taliepus sp;1;3;NA;NA;NA;NA;NA;
27/10/2022;27;10;2022;Chañaral de Aceituno C;AMERB;1;3;60;9.9;Animal;Tegula tridentata;1;3;NA;NA;NA;NA;NA;
14/2/2024;14;2;2024;Ventanas;AMERB;1;2;20;10.1;Macroalgae;Lessonia trabeculata;1;1;17;1;62;170;3;
14/2/2024;14;2;2024;Ventanas;AMERB;1;2;20;10.1;Macroalgae;Lessonia trabeculata;1;1;23;1;60;180;3;
14/2/2024;14;2;2024;Ventanas;AMERB;1;3;30;9.1;Macroalgae;Lessonia trabeculata;1;1;27;2;90;158;2;
27/10/2022;27;10;2022;Chañaral de Aceituno C;AMERB;1;4;70;9.2;Animal;Tetrapygus niger;1;10;NA;NA;NA;NA;NA;
14/2/2024;14;2;2024;Ventanas;AMERB;1;4;50;8.1;Macroalgae;Lessonia trabeculata;1;1;30;10;40;130;3;
14/2/2024;14;2;2024;Ventanas;AMERB;1;4;50;8;Macroalgae;Lessonia trabeculata;1;1;25;7;30;100;3;
27/10/2022;27;10;2022;Chañaral de Aceituno C;AMERB;1;5;80;8.8;Animal;Taliepus sp;1;2;NA;NA;NA;NA;NA;
27/10/2022;27;10;2022;Chañaral de Aceituno C;AMERB;1;5;80;8.8;Animal;Tetrapygus niger;1;3;NA;NA;NA;NA;NA;
14/2/2024;14;2;2024;Ventanas;AMERB;1;5;60;7.8;Macroalgae;Lessonia trabeculata;1;1;18;9;90;148;3;
14/2/2024;14;2;2024;Ventanas;AMERB;1;5;60;7.8;Macroalgae;Lessonia trabeculata;1;1;57;21;20;120;3;3 algas coalescentes
27/10/2022;27;10;2022;Chañaral de Aceituno C;AMERB;1;7;95;9.4;Animal;Tegula tridentata;1;6;NA;NA;NA;NA;NA;
27/10/2022;27;10;2022;Chañaral de Aceituno C;AMERB;1;7;95;9.4;Animal;Taliepus sp;1;1;NA;NA;NA;NA;NA;
14/2/2024;14;2;2024;Ventanas;AMERB;1;6;70;6;Macroalgae;Lessonia trabeculata;1;1;25;7;34;130;3;
14/2/2024;14;2;2024;Ventanas;AMERB;1;7;80;6;Macroalgae;Lessonia trabeculata;1;1;28;6;30;120;3;
27/10/2022;27;10;2022;Chañaral de Aceituno C;AMERB;1;8;90;9.5;Animal;Tegula tridentata;1;9;NA;NA;NA;NA;NA;
27/10/2022;27;10;2022;Chañaral de Aceituno C;AMERB;1;8;90;9.5;Animal;Tetrapygus niger;1;1;NA;NA;NA;NA;NA;
14/2/2024;14;2;2024;Ventanas;AMERB;3;1;10;8.2;Macroalgae;Lessonia trabeculata;1;1;3;2;NA;29;3;
14/2/2024;14;2;2024;Ventanas;AMERB;3;1;10;8.2;Macroalgae;Lessonia trabeculata;1;1;3;2;NA;35;3;
14/2/2024;14;2;2024;Ventanas;AMERB;3;1;10;8.2;Macroalgae;Lessonia trabeculata;1;1;1;1;NA;10;3;
14/2/2024;14;2;2024;Ventanas;AMERB;3;1;10;8.2;Macroalgae;Lessonia trabeculata;1;1;5;4;NA;38;3;
14/2/2024;14;2;2024;Ventanas;AMERB;3;1;10;8.2;Macroalgae;Lessonia trabeculata;1;1;3;2;NA;30;3;
14/2/2024;14;2;2024;Ventanas;AMERB;3;1;10;8.2;Macroalgae;Lessonia trabeculata;1;1;2;3;NA;24;3;
14/2/2024;14;2;2024;Ventanas;AMERB;3;1;10;8.2;Macroalgae;Lessonia trabeculata;1;1;2;3;NA;21;3;
14/2/2024;14;2;2024;Ventanas;AMERB;3;1;10;8.2;Macroalgae;Lessonia trabeculata;1;1;1;1;NA;5;3;
14/2/2024;14;2;2024;Ventanas;AMERB;3;1;10;8.2;Macroalgae;Lessonia trabeculata;1;1;1;1;NA;10;3;
14/2/2024;14;2;2024;Ventanas;AMERB;3;1;10;8.2;Macroalgae;Lessonia trabeculata;1;1;1;1;NA;10;3;
27/10/2022;27;10;2022;Chañaral de Aceituno C;AMERB;5;4;30;16;Animal;Tegula;1;3;NA;NA;NA;NA;NA;
14/2/2024;14;2;2024;Ventanas;AMERB;3;1;10;8.2;Macroalgae;Lessonia trabeculata;1;1;1;1;NA;10;3;
27/10/2022;27;10;2022;Chañaral de Aceituno C;AMERB;5;5;40;15.7;Animal;Tegula;1;39;NA;NA;NA;NA;NA;
14/2/2024;14;2;2024;Ventanas;AMERB;3;1;10;8.2;Macroalgae;Lessonia trabeculata;1;1;1;1;NA;10;3;
14/2/2024;14;2;2024;Ventanas;AMERB;3;1;10;8.2;Macroalgae;Lessonia trabeculata;1;1;3;2;NA;30;3;
27/10/2022;27;10;2022;Chañaral de Aceituno C;AMERB;5;7;60;11.5;Animal;Taliepus sp;1;2;NA;NA;NA;NA;NA;
27/10/2022;27;10;2022;Chañaral de Aceituno C;AMERB;5;7;60;11.5;Animal;Tegula;1;1;NA;NA;NA;NA;NA;
14/2/2024;14;2;2024;Ventanas;AMERB;3;1;10;8.2;Macroalgae;Lessonia trabeculata;1;1;3;2;NA;30;3;
14/2/2024;14;2;2024;Ventanas;AMERB;3;1;10;8.2;Macroalgae;Lessonia trabeculata;1;1;3;2;NA;30;3;
14/2/2024;14;2;2024;Ventanas;AMERB;3;1;10;8.2;Macroalgae;Lessonia trabeculata;1;1;3;2;NA;30;3;
14/2/2024;14;2;2024;Ventanas;AMERB;3;1;10;8.2;Macroalgae;Lessonia trabeculata;1;1;3;2;NA;17;3;
27/10/2022;27;10;2022;Chañaral de Aceituno C;AMERB;10;3;40;13;Animal;Taliepus sp;1;1;NA;NA;NA;NA;NA;
14/2/2024;14;2;2024;Ventanas;AMERB;3;1;10;8.2;Macroalgae;Lessonia trabeculata;1;1;1;1;NA;10;3;
14/2/2024;14;2;2024;Ventanas;AMERB;3;1;10;8;Macroalgae;Lessonia trabeculata;1;1;28;8;57;174;3;
14/2/2024;14;2;2024;Ventanas;AMERB;3;1;10;8;Macroalgae;Lessonia trabeculata;1;1;4;4;NA;18;3;
14/2/2024;14;2;2024;Ventanas;AMERB;3;1;10;8;Macroalgae;Lessonia trabeculata;1;1;2;2;NA;20;3;
14/2/2024;14;2;2024;Ventanas;AMERB;3;1;10;8;Macroalgae;Lessonia trabeculata;1;1;2;2;NA;21;3;
14/2/2024;14;2;2024;Ventanas;AMERB;3;1;10;8;Macroalgae;Lessonia trabeculata;1;1;2;3;NA;36;3;
14/2/2024;14;2;2024;Ventanas;AMERB;3;1;10;8;Macroalgae;Lessonia trabeculata;1;1;1;2;NA;22;3;
14/2/2024;14;2;2024;Ventanas;AMERB;3;2;20;8.8;Animal;Taliepus sp;1;2;NA;NA;NA;NA;NA;
14/2/2024;14;2;2024;Ventanas;AMERB;3;2;20;8.8;Animal;Tetrapygus niger;1;2;NA;NA;NA;NA;NA;
14/2/2024;14;2;2024;Ventanas;AMERB;3;2;20;8.8;Macroalgae;Lessonia trabeculata;1;1;12;7;2;67;3;
14/2/2024;14;2;2024;Ventanas;AMERB;3;2;20;8.8;Macroalgae;Lessonia trabeculata;1;1;2;4;NA;24;3;
14/2/2024;14;2;2024;Ventanas;AMERB;3;2;20;8.8;Macroalgae;Lessonia trabeculata;1;1;2;1;4;30;3;
14/2/2024;14;2;2024;Ventanas;AMERB;3;2;20;8.8;Macroalgae;Lessonia trabeculata;1;1;2;2;NA;18;3;
14/2/2024;14;2;2024;Ventanas;AMERB;3;2;20;8.8;Macroalgae;Lessonia trabeculata;1;1;2;2;NA;21;3;
14/2/2024;14;2;2024;Ventanas;AMERB;3;2;20;8.8;Macroalgae;Lessonia trabeculata;1;1;2;2;NA;20;3;
14/2/2024;14;2;2024;Ventanas;AMERB;3;2;20;8.8;Macroalgae;Lessonia trabeculata;1;1;2;2;NA;21;3;
14/2/2024;14;2;2024;Ventanas;AMERB;3;3;30;8.2;Animal;Taliepus sp;1;1;NA;NA;NA;NA;NA;
14/2/2024;14;2;2024;Ventanas;AMERB;3;3;30;8;Macroalgae;Lessonia trabeculata;1;1;12;6;1;72;3;
14/2/2024;14;2;2024;Ventanas;AMERB;3;3;30;8;Macroalgae;Lessonia trabeculata;1;1;18;2;37;130;3;
14/2/2024;14;2;2024;Ventanas;AMERB;3;3;30;8;Macroalgae;Lessonia trabeculata;1;1;15;2;30;110;3;
14/2/2024;14;2;2024;Ventanas;AMERB;3;3;30;8.2;Macroalgae;Lessonia trabeculata;1;1;26;6;48;160;3;
14/2/2024;14;2;2024;Ventanas;AMERB;3;3;30;8.2;Macroalgae;Lessonia trabeculata;1;1;12;2;64;160;3;
14/2/2024;14;2;2024;Ventanas;AMERB;3;4;50;9;Macroalgae;Lessonia trabeculata;1;1;1;1;NA;10;3;
14/2/2024;14;2;2024;Ventanas;AMERB;3;4;50;9;Macroalgae;Lessonia trabeculata;1;1;1;1;NA;10;3;
14/2/2024;14;2;2024;Ventanas;AMERB;3;4;50;9;Macroalgae;Lessonia trabeculata;1;1;1;1;NA;10;3;
14/2/2024;14;2;2024;Ventanas;AMERB;3;4;50;9;Macroalgae;Lessonia trabeculata;1;1;1;1;NA;10;3;
14/2/2024;14;2;2024;Ventanas;AMERB;3;4;50;9;Macroalgae;Lessonia trabeculata;1;1;1;1;NA;10;3;
14/2/2024;14;2;2024;Ventanas;AMERB;3;4;50;9;Macroalgae;Lessonia trabeculata;1;1;1;1;NA;15;3;
14/2/2024;14;2;2024;Ventanas;AMERB;3;4;50;9;Macroalgae;Lessonia trabeculata;1;1;1;1;NA;14;3;
14/2/2024;14;2;2024;Ventanas;AMERB;3;5;60;7;Animal;Taliepus sp;1;2;NA;NA;NA;NA;NA;
14/2/2024;14;2;2024;Ventanas;AMERB;3;5;60;7;Macroalgae;Lessonia trabeculata;1;1;22;6;24;132;3;
14/2/2024;14;2;2024;Ventanas;AMERB;3;5;60;7;Macroalgae;Lessonia trabeculata;1;1;1;1;NA;5;3;
14/2/2024;14;2;2024;Ventanas;AMERB;3;5;60;7;Macroalgae;Lessonia trabeculata;1;1;1;1;NA;5;3;
14/2/2024;14;2;2024;Ventanas;AMERB;3;5;60;7;Macroalgae;Lessonia trabeculata;1;1;1;1;NA;5;3;
14/2/2024;14;2;2024;Ventanas;AMERB;3;5;60;7;Macroalgae;Lessonia trabeculata;1;1;1;1;NA;5;3;
14/2/2024;14;2;2024;Ventanas;AMERB;3;5;60;7;Macroalgae;Lessonia trabeculata;1;1;1;1;NA;5;3;
14/2/2024;14;2;2024;Ventanas;AMERB;1;8;0;10;Macroalgae;Lessonia trabeculata;1;1;19;6;56;150;3;
14/2/2024;14;2;2024;Ventanas;AMERB;1;8;0;10;Macroalgae;Lessonia trabeculata;1;1;20;6;71;160;3;
14/2/2024;14;2;2024;Ventanas;AMERB;1;2;20;10;Macroalgae;Lessonia trabeculata;1;1;25;14;80;173;3;
14/2/2024;14;2;2024;Ventanas;AMERB;1;2;20;10;Macroalgae;Lessonia trabeculata;1;1;51;10;95;228;3;
14/2/2024;14;2;2024;Ventanas;AMERB;1;3;30;9.1;Macroalgae;Lessonia trabeculata;1;1;34;7;75;175;3;
14/2/2024;14;2;2024;Ventanas;AMERB;1;4;50;8;Macroalgae;Lessonia trabeculata;1;1;19;3;48;143;3;
14/2/2024;14;2;2024;Ventanas;AMERB;1;4;50;8;Macroalgae;Lessonia trabeculata;1;1;19;2;48;137;3;
14/2/2024;14;2;2024;Ventanas;AMERB;1;5;60;7.8;Macroalgae;Lessonia trabeculata;1;1;24;8;71;197;3;
14/2/2024;14;2;2024;Ventanas;AMERB;1;6;70;6;Macroalgae;Lessonia trabeculata;1;1;24;6;28;95;3;
14/2/2024;14;2;2024;Ventanas;AMERB;1;7;80;6;Macroalgae;Lessonia trabeculata;1;1;28;8;43;143;3;
14/2/2024;14;2;2024;Ventanas;AMERB;1;7;80;6;Macroalgae;Lessonia trabeculata;1;1;1;2;NA;16;3;
14/2/2024;14;2;2024;Ventanas;AMERB;3;5;60;7;Animal;Taliepus sp;1;2;NA;NA;NA;NA;NA;
14/2/2024;14;2;2024;Ventanas;AMERB;3;5;60;7;Macroalgae;Lessonia trabeculata;1;1;30;11;48;205;NA;
26/10/2022;26;10;2022;Chañaral de Aceituno ALA;OA;3;6;60;12.4;Macroalgae;Lessonia trabeculata;1;1;50;11;84;244;3;Coalescente
26/10/2022;26;10;2022;Chañaral de Aceituno ALA;OA;3;6;60;11;Animal;Taliepus sp;1;2;NA;NA;NA;NA;NA;
14/2/2024;14;2;2024;Ventanas;AMERB;3;6;70;7;Macroalgae;Lessonia trabeculata;1;1;24;3;47;110;3;
14/2/2024;14;2;2024;Ventanas;AMERB;3;6;70;7;Macroalgae;Lessonia trabeculata;1;1;2;1;NA;17;3;
14/2/2024;14;2;2024;Ventanas;AMERB;3;6;70;7;Macroalgae;Lessonia trabeculata;1;1;2;1;NA;16;3;
14/2/2024;14;2;2024;Ventanas;AMERB;3;6;70;7;Macroalgae;Lessonia trabeculata;1;1;2;1;NA;12;3;
26/10/2022;26;10;2022;Chañaral de Aceituno ALA;OA;3;7;60;11;Macroalgae;Lessonia trabeculata;1;1;53;7;110;248;3;
14/2/2024;14;2;2024;Ventanas;AMERB;3;6;70;7;Macroalgae;Lessonia trabeculata;1;1;1;1;NA;4;3;
14/2/2024;14;2;2024;Ventanas;AMERB;3;6;70;7;Macroalgae;Lessonia trabeculata;1;1;1;1;NA;4;3;
14/2/2024;14;2;2024;Ventanas;AMERB;3;6;70;7;Macroalgae;Lessonia trabeculata;1;1;1;1;NA;4;3;
14/2/2024;14;2;2024;Ventanas;AMERB;3;6;70;7;Macroalgae;Lessonia trabeculata;1;1;1;1;NA;4;3;
14/2/2024;14;2;2024;Ventanas;AMERB;3;6;70;7;Macroalgae;Lessonia trabeculata;1;1;1;1;NA;4;3;
14/2/2024;14;2;2024;Ventanas;AMERB;3;6;70;7;Macroalgae;Lessonia trabeculata;1;1;26;8;64;121;3;
14/2/2024;14;2;2024;Ventanas;AMERB;3;6;70;7;Macroalgae;Lessonia trabeculata;1;1;0.6;1;NA;16;3;
14/2/2024;14;2;2024;Ventanas;AMERB;3;6;70;7;Macroalgae;Lessonia trabeculata;1;1;2;2;NA;14;3;
14/2/2024;14;2;2024;Ventanas;AMERB;3;6;70;7;Macroalgae;Lessonia trabeculata;1;1;1;2;NA;9;3;
14/2/2024;14;2;2024;Ventanas;AMERB;3;7;40;8.4;Macroalgae;Lessonia trabeculata;1;1;13;2;80;190;3;
14/2/2024;14;2;2024;Ventanas;AMERB;3;7;40;8.4;Macroalgae;Lessonia trabeculata;1;1;18;4;83;182;3;
2/12/2025;2;12;2025;Junin;AMP;1;3;50;8.7;Macroalgae;Lessonia trabeculata;1;1;20;4;;230;3;
2/12/2025;2;12;2025;Junin;AMP;1;3;50;8.7;Macroalgae;Lessonia trabeculata;1;1;28;6;;205;3;
2/12/2025;2;12;2025;Junin;AMP;1;3;50;8.7;Macroalgae;Lessonia trabeculata;1;1;26;3;;172;3;
2/12/2025;2;12;2025;Junin;AMP;1;2;25;10.3;Macroalgae;Lessonia trabeculata;1;1;15;2;;180;3;
2/12/2025;2;12;2025;Junin;AMP;1;2;25;10.3;Macroalgae;Lessonia trabeculata;1;1;35;7;;235;3;
2/12/2025;2;12;2025;Junin;AMP;2;1;0;10.7;Macroalgae;Lessonia trabeculata;1;1;33;4;;232;3;
2/12/2025;2;12;2025;Junin;AMP;2;1;0;10.7;Macroalgae;Lessonia trabeculata;1;1;16;1;;200;3;
;2;12;2025;Junin;AMP;2.5;0.5;-12.5;10.9;Macroalgae;Lessonia trabeculata;1;1;0.7;;;10;;
2/12/2025;2;12;2025;Junin;AMP;2;1;0;10.7;Macroalgae;Lessonia trabeculata;1;1;20;4;;205;3;
2/12/2025;2;12;2025;Junin;AMP;2;1;0;10.7;Animal;Taliepus sp;1;1;;;;;3;
2/12/2025;2;12;2025;Junin;AMP;2;2;25;12.1;Macroalgae;Lessonia trabeculata;1;1;32;3;;180;3;
2/12/2025;2;12;2025;Junin;AMP;2;2;25;12.1;Macroalgae;Lessonia trabeculata;1;1;21;1;;60;3;
2/12/2025;2;12;2025;Junin;AMP;2;2;25;12.1;Macroalgae;Lessonia trabeculata;1;1;28;2;;180;3;
2/12/2025;2;12;2025;Junin;AMP;3;1;0;9.6;Macroalgae;Lessonia trabeculata;1;1;19;1;;147;3;
2/12/2025;2;12;2025;Junin;AMP;3;1;0;9.6;Macroalgae;Lessonia trabeculata;1;1;23;2;;165;3;
2/12/2025;2;12;2025;Junin;AMP;3;1;0;9.6;Macroalgae;Lessonia trabeculata;1;1;32;3;;210;3;
2/12/2025;2;12;2025;Junin;AMP;3;2;25;8;Macroalgae;Lessonia trabeculata;1;1;25;3;;195;3;
2/12/2025;2;12;2025;Junin;AMP;3;2;25;8;Macroalgae;Lessonia trabeculata;1;1;19;7;;127;3;
2/12/2025;2;12;2025;Junin;AMP;1;1;0;11.6;Macroalgae;Lessonia trabeculata;1;1;23;4;;142;3;
2/12/2025;2;12;2025;Junin;AMP;1;1;0;11.6;Macroalgae;Lessonia trabeculata;1;1;24;2;;210;3;
2/12/2025;2;12;2025;Junin;AMP;1;1;0;11.6;Macroalgae;Lessonia trabeculata;1;1;32;4;;162;3;
2/12/2025;2;12;2025;Junin;AMP;1;1;0;11.6;Macroalgae;Lessonia trabeculata;1;1;10;2;;140;3;
2/12/2025;2;12;2025;Junin;AMP;1;1;0;11.6;Macroalgae;Lessonia trabeculata;1;1;20;6;;120;3;
2/12/2025;2;12;2025;Junin;AMP;1;1;0;11.6;Animal;Taliepus sp;1;1;;;;;;
2/12/2025;2;12;2025;Junin;AMP;2;3;50;11.6;Macroalgae;Lessonia trabeculata;1;1;23;3;;220;3;
2/12/2025;2;12;2025;Junin;AMP;2;3;50;11.6;Macroalgae;Lessonia trabeculata;1;1;15;2;;136;3;
2/12/2025;2;12;2025;Junin;AMP;2;3;50;11.6;Macroalgae;Lessonia trabeculata;1;1;15;4;;190;3;
2/12/2025;2;12;2025;Junin;AMP;2;3;50;11.6;Macroalgae;Lessonia trabeculata;1;1;14;4;;131;3;
2/12/2025;2;12;2025;Junin;AMP;3;3;50;6.6;Macroalgae;Lessonia trabeculata;1;1;14;5;;95;3;
2/12/2025;2;12;2025;Junin;AMP;3;3;50;6.6;Macroalgae;Lessonia trabeculata;1;1;25;1;;166;3;
2/12/2025;2;12;2025;Junin;AMP;3;3;50;6.6;Macroalgae;Lessonia trabeculata;1;1;8;1;;100;3;
2/12/2025;2;12;2025;Junin;AMP;3;3;50;6.6;Macroalgae;Lessonia trabeculata;1;1;24;5;;183;3;
2/12/2025;2;12;2025;Junin;AMP;3;3;50;6.6;Animal;Taliepus sp;1;1;;;;;;
